<?xml version="1.0"?>
<ServerManagerConfiguration>
	<ProxyGroup name="sources">
		<SourceProxy name="Display Number" class="vtkDisplayNumber" label="Display Number">
			<Documentation long_help="Display Number generates a 3D text with a prefix." short_help="Display Number generates a 3D text with a prefix."/>
			<StringVectorProperty name="Matrikel" command="SetMatrikel" number_of_elements="1" default_values="666">
				<Documentation>Matrikel number to be printed.</Documentation>
			</StringVectorProperty>
		</SourceProxy>
	</ProxyGroup>
</ServerManagerConfiguration>
