<?xml version="1.0"?>
<ServerManagerConfiguration>
	<ProxyGroup name="filters">
		<SourceProxy name="SimpleGradient" class="vtkSimpleGradient" label="SimpleGradient">
			<Documentation long_help="SimpleGradient calculates the central differences gradient on a regular grid" short_help="Shows some vector properties">
			</Documentation>

			<InputProperty name="Input" command="SetInputConnection" clean_command="RemoveAllInputs">
				<ProxyGroupDomain name="groups">
					<Group name="sources"/>
					<Group name="filters"/>
				</ProxyGroupDomain>
				<DataTypeDomain name="input_type">
					<DataType value="vtkImageData"/>
				</DataTypeDomain>
			</InputProperty>

			<Hints>
				<ShowInMenu category="Custom"/>
			</Hints>
		</SourceProxy>
	</ProxyGroup>
</ServerManagerConfiguration>
